{"cameraMode":{"drawMode":0,"name":"Shaded","section":"Shading Mode"},"sceneLighting":false,"audioPlay":false,"sceneViewState":{"m_AlwaysRefresh":false,"showFog":true,"showSkybox":false,"showFlares":true,"showImageEffects":true,"showParticleSystems":true,"showVisualEffectGraphs":true,"m_FxEnabled":true},"in2DMode":false,"pivot":{"x":0.638279914855957,"y":-0.3029351830482483,"z":-0.6440214514732361},"rotation":{"x":0.06015390530228615,"y":0.7266897559165955,"z":-0.06470857560634613,"w":0.6806980967521668},"size":1.0864996910095215,"orthographic":false}