{"cameraMode":{"drawMode":0,"name":"Shaded","section":"Shading Mode"},"sceneLighting":false,"audioPlay":false,"sceneViewState":{"m_AlwaysRefresh":false,"showFog":true,"showSkybox":false,"showFlares":true,"showImageEffects":true,"showParticleSystems":true,"showVisualEffectGraphs":true,"m_FxEnabled":true},"in2DMode":false,"pivot":{"x":12.270835876464844,"y":5.040699005126953,"z":14.486065864562989},"rotation":{"x":0.03415544703602791,"y":0.9640227556228638,"z":-0.20853033661842347,"w":0.1588214784860611},"size":1.9503616094589234,"orthographic":false}