{"cameraMode":{"drawMode":0,"name":"Shaded","section":"Shading Mode"},"sceneLighting":false,"audioPlay":false,"sceneViewState":{"m_AlwaysRefresh":false,"showFog":true,"showSkybox":false,"showFlares":true,"showImageEffects":true,"showParticleSystems":true,"showVisualEffectGraphs":true,"m_FxEnabled":true},"in2DMode":false,"pivot":{"x":0.33452463150024416,"y":0.7708271741867065,"z":-1.4893550872802735},"rotation":{"x":-0.2685638666152954,"y":0.47400352358818056,"z":-0.1542341262102127,"w":-0.8238171339035034},"size":0.5967971086502075,"orthographic":false}