{"cameraMode":{"drawMode":0,"name":"Shaded","section":"Shading Mode"},"sceneLighting":false,"audioPlay":false,"sceneViewState":{"m_AlwaysRefresh":false,"showFog":true,"showSkybox":false,"showFlares":true,"showImageEffects":true,"showParticleSystems":true,"showVisualEffectGraphs":true,"m_FxEnabled":true},"in2DMode":false,"pivot":{"x":9.535134315490723,"y":1.4529331922531129,"z":10.24813461303711},"rotation":{"x":0.0006900117732584477,"y":0.9984158873558044,"z":-0.02547902800142765,"w":0.04167274758219719},"size":0.6215698719024658,"orthographic":false}