{"cameraMode":{"drawMode":0,"name":"Shaded","section":"Shading Mode"},"sceneLighting":false,"audioPlay":false,"sceneViewState":{"m_AlwaysRefresh":false,"showFog":true,"showSkybox":false,"showFlares":true,"showImageEffects":true,"showParticleSystems":true,"showVisualEffectGraphs":true,"m_FxEnabled":true},"in2DMode":false,"pivot":{"x":0.3443865478038788,"y":0.8957331776618958,"z":-0.25984880328178408},"rotation":{"x":-0.07703779637813568,"y":-0.8043409585952759,"z":0.10667002946138382,"w":-0.5789768695831299},"size":1.5655303001403809,"orthographic":false}