{"cameraMode":{"drawMode":0,"name":"Shaded","section":"Shading Mode"},"sceneLighting":false,"audioPlay":false,"sceneViewState":{"m_AlwaysRefresh":false,"showFog":true,"showSkybox":false,"showFlares":true,"showImageEffects":true,"showParticleSystems":true,"showVisualEffectGraphs":true,"m_FxEnabled":true},"in2DMode":false,"pivot":{"x":13.52447509765625,"y":1.9501302242279053,"z":10.78751277923584},"rotation":{"x":-0.015072126872837544,"y":0.9464091062545776,"z":-0.03920327126979828,"w":-0.3186115324497223},"size":3.2044601440429689,"orthographic":false}