{"cameraMode":{"drawMode":0,"name":"Shaded","section":"Shading Mode"},"sceneLighting":false,"audioPlay":false,"sceneViewState":{"m_AlwaysRefresh":false,"showFog":true,"showSkybox":false,"showFlares":true,"showImageEffects":true,"showParticleSystems":true,"showVisualEffectGraphs":true,"m_FxEnabled":true},"in2DMode":false,"pivot":{"x":27.256765365600587,"y":3.3124868869781496,"z":18.620445251464845},"rotation":{"x":0.051162272691726688,"y":0.810631275177002,"z":-0.07202844321727753,"w":0.5782169103622437},"size":6.775354862213135,"orthographic":false}