{"cameraMode":{"drawMode":0,"name":"Shaded","section":"Shading Mode"},"sceneLighting":false,"audioPlay":false,"sceneViewState":{"m_AlwaysRefresh":false,"showFog":true,"showSkybox":false,"showFlares":true,"showImageEffects":true,"showParticleSystems":true,"showVisualEffectGraphs":true,"m_FxEnabled":true},"in2DMode":false,"pivot":{"x":221.30245971679688,"y":32.8452033996582,"z":183.93421936035157},"rotation":{"x":-0.007091619540005922,"y":-0.9275684356689453,"z":-0.014928667806088925,"w":0.3724023699760437},"size":14.194634437561036,"orthographic":false}