{"cameraMode":{"drawMode":0,"name":"Shaded","section":"Shading Mode"},"sceneLighting":false,"audioPlay":false,"sceneViewState":{"m_AlwaysRefresh":false,"showFog":true,"showSkybox":false,"showFlares":true,"showImageEffects":true,"showParticleSystems":true,"showVisualEffectGraphs":true,"m_FxEnabled":true},"in2DMode":false,"pivot":{"x":16.614585876464845,"y":1.9209729433059693,"z":4.2743330001831059},"rotation":{"x":-0.0004407697415445,"y":0.9970133304595947,"z":-0.0734100267291069,"w":-0.008470144122838974},"size":1.5655303001403809,"orthographic":false}